Scheme Code,Scheme Name,Division Name,LOI (Letter of Intent),Sanction Approved,Claim Application Count
10,वैयक्तिक कर्ज व्याज परतावा योजना (IR-I),Amravati,6111,5322,5210
10,वैयक्तिक कर्ज व्याज परतावा योजना (IR-I),Chhatrapati Sambhajinagar,58643,48671,47129
10,वैयक्तिक कर्ज व्याज परतावा योजना (IR-I),Konkan Division,5414,4560,4490
10,वैयक्तिक कर्ज व्याज परतावा योजना (IR-I),Nagpur,455,435,430
10,वैयक्तिक कर्ज व्याज परतावा योजना (IR-I),Nashik,51738,44292,43032
10,वैयक्तिक कर्ज व्याज परतावा योजना (IR-I),Pune,92888,77073,75047
11,गट कर्ज व्याज परतावा योजना (IR-II),Amravati,10,9,9
11,गट कर्ज व्याज परतावा योजना (IR-II),Chhatrapati Sambhajinagar,354,326,323
11,गट कर्ज व्याज परतावा योजना (IR-II),Konkan Division,46,44,44
11,गट कर्ज व्याज परतावा योजना (IR-II),Nagpur,2,2,2
11,गट कर्ज व्याज परतावा योजना (IR-II),Nashik,167,151,149
11,गट कर्ज व्याज परतावा योजना (IR-II),Pune,1090,965,950
