Year (आर्थिक वर्ष),IR-I Total Applied,IR-I LOI,IR-I Sanction,IR-I Claim Count,IR-II Total Applied,IR-II LOI,IR-II Sanction,IR-II Claim Count,Total Beneficiaries
2025-26,46431,36661,16809,15659,309,157,95,94,16904
2024-25,91262,60149,48866,47234,828,534,438,428,49304
2023-24,82546,41259,41258,40328,691,449,448,440,41706
2022-23,38350,16971,17047,16705,377,208,210,208,17257
2021-22,40185,18956,18962,18673,256,131,131,131,19093
2020-21,29133,12909,12904,12699,240,114,114,114,13018
2019-20,36880,14517,14526,14143,184,49,49,48,14575
2018-19,45198,9378,9319,9003,140,26,14,14,9333
2017-18,9211,848,842,811,12,0,0,0,842
