Division Name,District Name (जिल्हा),IR-I Total Applied,IR-I LOI,IR-I Sanction,IR-I Claim Count,IR-II Total Applied,IR-II LOI,IR-II Sanction,IR-II Claim Count,Total Beneficiaries
Amravati,Akola,1644,817,738,725,7,0,0,0,738
Amravati,Amravati,565,157,139,138,4,1,1,1,140
Amravati,Buldana,8435,3682,3156,3068,21,8,7,7,3163
Amravati,Washim,1467,777,711,703,4,1,1,1,712
Amravati,Yavatmal,1491,678,585,576,3,0,0,0,585
Chhatrapati Sambhajinagar,Beed,21577,7839,6137,5794,48,25,24,24,6161
Chhatrapati Sambhajinagar,Chhatrapati Sambhajinagar,41440,18655,15954,15526,266,157,147,145,16101
Chhatrapati Sambhajinagar,Dharashiv,18787,10385,8391,8128,15,1,1,1,8392
Chhatrapati Sambhajinagar,Hingoli,4129,1530,1298,1259,93,57,48,48,1346
Chhatrapati Sambhajinagar,Jalna,22829,8532,7186,6929,68,30,28,28,7214
Chhatrapati Sambhajinagar,Latur,11682,5991,5030,4856,28,14,13,13,5043
Chhatrapati Sambhajinagar,Nanded,5545,2883,2523,2405,81,42,39,38,2562
Chhatrapati Sambhajinagar,Parbhani,9707,2829,2318,2233,59,28,26,26,2344
Konkan Division,Mumbai City,1098,502,444,435,16,9,9,9,453
Konkan Division,Mumbai Sub Urban,1348,532,431,426,12,1,1,1,432
Konkan Division,Palghar,381,112,98,96,5,3,3,3,101
Konkan Division,Raigarh,1604,720,595,586,23,8,8,8,603
Konkan Division,Ratnagiri,958,275,229,226,7,4,4,4,233
Konkan Division,Sindhudurg,2476,1188,994,975,8,3,3,3,997
Konkan Division,Thane,3894,2085,1783,1746,33,18,16,16,1799
Nagpur,Bhandara,310,133,139,133,3,0,0,0,139
Nagpur,Chandrapur,337,71,72,69,1,0,0,0,72
Nagpur,Gadchiroli,122,20,18,18,0,0,0,0,18
Nagpur,Gondiya,117,22,22,22,5,0,0,0,22
Nagpur,Nagpur,693,128,124,124,9,2,2,2,126
Nagpur,Wardha,286,81,69,64,1,0,0,0,69
Nashik,Ahilyanagar,46460,25148,21135,20434,286,142,128,126,21263
Nashik,Dhule,1932,1006,840,811,5,1,1,1,841
Nashik,Jalgaon,3486,1966,1726,1648,7,0,0,0,1726
Nashik,Nandurbar,522,128,105,104,0,0,0,0,105
Nashik,Nashik,38488,23490,20529,20035,105,24,22,22,20551
Pune,Kolhapur,51347,29155,23919,23338,335,209,188,186,24107
Pune,Pune,30473,16059,12804,12354,345,145,122,120,12926
Pune,Sangli,25678,12057,10012,9656,432,273,247,244,10259
Pune,Satara,29184,14268,12358,11901,648,439,391,382,12749
Pune,Solapur,37160,21349,18269,17798,64,24,19,18,18288
